{"cameraMode":{"drawMode":0,"name":"Shaded","section":"Shading Mode"},"sceneLighting":true,"audioPlay":false,"sceneViewState":{"m_AlwaysRefresh":false,"showFog":true,"showSkybox":true,"showFlares":true,"showImageEffects":true,"showParticleSystems":true,"showVisualEffectGraphs":true,"m_FxEnabled":true},"in2DMode":false,"pivot":{"x":21.42987060546875,"y":-9.800025939941407,"z":11.360000610351563},"rotation":{"x":-0.05881704017519951,"y":-0.9305393099784851,"z":0.17221350967884065,"w":-0.31778720021247866},"size":12.124356269836426,"orthographic":true}