{"cameraMode":{"drawMode":0,"name":"Shaded","section":"Shading Mode"},"sceneLighting":false,"audioPlay":false,"sceneViewState":{"m_AlwaysRefresh":false,"showFog":true,"showSkybox":false,"showFlares":true,"showImageEffects":true,"showParticleSystems":true,"showVisualEffectGraphs":true,"m_FxEnabled":true},"in2DMode":false,"pivot":{"x":-5.960464477539063e-8,"y":1.6640836000442505,"z":5.960464477539063e-8},"rotation":{"x":0.11349164694547653,"y":-0.8087326288223267,"z":0.16583120822906495,"w":0.5529377460479736},"size":1.9057528972625733,"orthographic":true}