{"cameraMode":{"drawMode":0,"name":"Shaded","section":"Shading Mode"},"sceneLighting":false,"audioPlay":false,"sceneViewState":{"m_AlwaysRefresh":false,"showFog":true,"showSkybox":false,"showFlares":true,"showImageEffects":true,"showParticleSystems":true,"showVisualEffectGraphs":true,"m_FxEnabled":true},"in2DMode":false,"pivot":{"x":1.0303330421447755,"y":2.2596163749694826,"z":-0.20456814765930177},"rotation":{"x":0.011771648190915585,"y":-0.9744498133659363,"z":0.21822217106819154,"w":0.052461761981248859},"size":4.477373123168945,"orthographic":false}