{"cameraMode":{"drawMode":0,"name":"Shaded","section":"Shading Mode"},"sceneLighting":false,"audioPlay":false,"sceneViewState":{"m_AlwaysRefresh":false,"showFog":true,"showSkybox":false,"showFlares":true,"showImageEffects":true,"showParticleSystems":true,"showVisualEffectGraphs":true,"m_FxEnabled":true},"in2DMode":false,"pivot":{"x":1.0303330421447755,"y":2.2596163749694826,"z":-0.20456814765930177},"rotation":{"x":0.26025354862213137,"y":-0.6587532162666321,"z":0.26143693923950198,"w":0.6557396650314331},"size":6.790054798126221,"orthographic":false}